index,timestamp,bit,p0,p1,confidence,model,elapsed_ms,input_tokens,output_tokens,history_before,history_after
1,2026-09-22T11:02:26.983442+08:00,0,0.56,0.44,0.12,jev-1.13.0,1071.42,326,31,01010,10100
2,2026-09-22T11:02:28.055372+08:00,0,0.56,0.44,0.13,jev-1.13.0,437.37,326,31,10100,01000
3,2026-09-22T11:02:28.494350+08:00,0,0.58,0.42,0.16,jev-1.13.0,402.3,326,31,01000,10000
4,2026-09-22T11:02:28.896908+08:00,0,0.62,0.38,0.23,jev-1.13.0,403.73,326,31,10000,00000
5,2026-09-22T11:02:29.300895+08:00,0,0.58,0.42,0.17,jev-1.13.0,407.47,326,31,00000,00000
6,2026-09-22T11:02:29.708698+08:00,0,0.6,0.4,0.19,jev-1.13.0,394.68,326,31,00000,00000
7,2026-09-22T11:02:30.103670+08:00,0,0.59,0.41,0.18,jev-1.13.0,395.62,326,31,00000,00000
8,2026-09-22T11:02:30.501174+08:00,0,0.61,0.39,0.23,jev-1.13.0,951.03,326,31,00000,00000
9,2026-09-22T11:02:31.452530+08:00,0,0.62,0.38,0.23,jev-1.13.0,369.57,326,31,00000,00000
10,2026-09-22T11:02:31.822312+08:00,0,0.59,0.41,0.18,jev-1.13.0,373.66,326,31,00000,00000
11,2026-09-22T11:02:32.196330+08:00,0,0.6,0.4,0.21,jev-1.13.0,385.19,326,31,00000,00000
12,2026-09-22T11:02:32.581746+08:00,0,0.56,0.44,0.12,jev-1.13.0,391.54,326,31,00000,00000
13,2026-09-22T11:02:32.973541+08:00,0,0.63,0.37,0.25,jev-1.13.0,545.86,326,31,00000,00000
14,2026-09-22T11:02:33.519732+08:00,0,0.61,0.39,0.22,jev-1.13.0,472.98,326,31,00000,00000
15,2026-09-22T11:02:33.992954+08:00,0,0.61,0.39,0.23,jev-1.13.0,420.21,326,31,00000,00000
16,2026-09-22T11:02:34.413447+08:00,0,0.59,0.41,0.18,jev-1.13.0,455.79,326,31,00000,00000
17,2026-09-22T11:02:34.869501+08:00,0,0.6,0.4,0.2,jev-1.13.0,410.38,326,31,00000,00000
18,2026-09-22T11:02:35.280251+08:00,0,0.61,0.39,0.22,jev-1.13.0,437.06,326,31,00000,00000
19,2026-09-22T11:02:35.717605+08:00,0,0.58,0.42,0.16,jev-1.13.0,424.14,326,31,00000,00000
20,2026-09-22T11:02:36.142056+08:00,0,0.57,0.43,0.14,jev-1.13.0,372.64,326,31,00000,00000
21,2026-09-22T11:02:36.515018+08:00,0,0.59,0.41,0.19,jev-1.13.0,445.5,326,31,00000,00000
22,2026-09-22T11:02:36.960809+08:00,0,0.62,0.38,0.25,jev-1.13.0,370.67,326,31,00000,00000
23,2026-09-22T11:02:37.331713+08:00,0,0.6,0.4,0.2,jev-1.13.0,401.21,326,31,00000,00000
24,2026-09-22T11:02:37.733396+08:00,0,0.61,0.39,0.22,jev-1.13.0,409.71,326,31,00000,00000
25,2026-09-22T11:02:38.143355+08:00,0,0.62,0.38,0.24,jev-1.13.0,395.73,326,31,00000,00000
26,2026-09-22T11:02:38.539417+08:00,0,0.57,0.43,0.14,jev-1.13.0,446.34,326,31,00000,00000
27,2026-09-22T11:02:38.985985+08:00,0,0.59,0.41,0.17,jev-1.13.0,399.43,326,31,00000,00000
28,2026-09-22T11:02:39.385648+08:00,0,0.61,0.39,0.22,jev-1.13.0,436.71,326,31,00000,00000
29,2026-09-22T11:02:39.822586+08:00,0,0.59,0.41,0.18,jev-1.13.0,486.34,326,31,00000,00000
30,2026-09-22T11:02:40.309160+08:00,0,0.62,0.38,0.25,jev-1.13.0,395.38,326,31,00000,00000
31,2026-09-22T11:02:40.704766+08:00,0,0.61,0.39,0.22,jev-1.13.0,383.91,326,31,00000,00000
32,2026-09-22T11:02:41.088962+08:00,0,0.62,0.38,0.24,jev-1.13.0,458.22,326,31,00000,00000
33,2026-09-22T11:02:41.547449+08:00,0,0.63,0.37,0.25,jev-1.13.0,462.11,326,31,00000,00000
34,2026-09-22T11:02:42.009836+08:00,0,0.59,0.41,0.18,jev-1.13.0,394.94,326,31,00000,00000
35,2026-09-22T11:02:42.405003+08:00,0,0.62,0.38,0.24,jev-1.13.0,401.9,326,31,00000,00000
36,2026-09-22T11:02:42.807361+08:00,0,0.63,0.37,0.25,jev-1.13.0,430.38,326,31,00000,00000
37,2026-09-22T11:02:43.237967+08:00,0,0.59,0.41,0.18,jev-1.13.0,463.81,326,31,00000,00000
38,2026-09-22T11:02:43.702010+08:00,0,0.58,0.42,0.16,jev-1.13.0,518.09,326,31,00000,00000
39,2026-09-22T11:02:44.220321+08:00,0,0.62,0.38,0.25,jev-1.13.0,399.11,326,31,00000,00000
40,2026-09-22T11:02:44.619681+08:00,0,0.61,0.39,0.23,jev-1.13.0,443.48,326,31,00000,00000
41,2026-09-22T11:02:45.063406+08:00,0,0.6,0.4,0.2,jev-1.13.0,362.23,326,31,00000,00000
42,2026-09-22T11:02:45.425858+08:00,0,0.59,0.41,0.19,jev-1.13.0,441.18,326,31,00000,00000
43,2026-09-22T11:02:45.867332+08:00,0,0.58,0.42,0.16,jev-1.13.0,426.5,326,31,00000,00000
44,2026-09-22T11:02:46.294053+08:00,0,0.6,0.4,0.21,jev-1.13.0,383.58,326,31,00000,00000
45,2026-09-22T11:02:46.677859+08:00,0,0.6,0.4,0.21,jev-1.13.0,346.03,326,31,00000,00000
46,2026-09-22T11:02:47.024236+08:00,0,0.6,0.4,0.21,jev-1.13.0,373.57,326,31,00000,00000
47,2026-09-22T11:02:47.398142+08:00,0,0.58,0.42,0.17,jev-1.13.0,429.02,326,31,00000,00000
48,2026-09-22T11:02:47.827484+08:00,0,0.57,0.43,0.14,jev-1.13.0,387.47,326,31,00000,00000
49,2026-09-22T11:02:48.215291+08:00,0,0.62,0.38,0.24,jev-1.13.0,388.16,326,31,00000,00000
50,2026-09-22T11:02:48.603729+08:00,0,0.61,0.39,0.22,jev-1.13.0,408.54,326,31,00000,00000
51,2026-09-22T11:02:49.012681+08:00,0,0.6,0.4,0.21,jev-1.13.0,355.99,326,31,00000,00000
52,2026-09-22T11:02:49.369037+08:00,0,0.6,0.4,0.2,jev-1.13.0,448.14,326,31,00000,00000
53,2026-09-22T11:02:49.817488+08:00,0,0.57,0.43,0.14,jev-1.13.0,373.35,326,31,00000,00000
54,2026-09-22T11:02:50.191132+08:00,0,0.58,0.42,0.17,jev-1.13.0,411.25,326,31,00000,00000
55,2026-09-22T11:02:50.602659+08:00,0,0.63,0.37,0.25,jev-1.13.0,402.75,326,31,00000,00000
56,2026-09-22T11:02:51.005798+08:00,0,0.58,0.42,0.16,jev-1.13.0,417.12,326,31,00000,00000
57,2026-09-22T11:02:51.423311+08:00,0,0.6,0.4,0.2,jev-1.13.0,393.48,326,31,00000,00000
58,2026-09-22T11:02:51.817182+08:00,0,0.6,0.4,0.19,jev-1.13.0,393.26,326,31,00000,00000
59,2026-09-22T11:02:52.210834+08:00,0,0.62,0.38,0.24,jev-1.13.0,407.21,326,31,00000,00000
60,2026-09-22T11:02:52.618281+08:00,0,0.61,0.39,0.22,jev-1.13.0,429.58,326,31,00000,00000
61,2026-09-22T11:02:53.048159+08:00,0,0.61,0.39,0.23,jev-1.13.0,402.87,326,31,00000,00000
62,2026-09-22T11:02:53.451269+08:00,0,0.59,0.41,0.17,jev-1.13.0,383.5,326,31,00000,00000
63,2026-09-22T11:02:53.835014+08:00,0,0.58,0.42,0.17,jev-1.13.0,431.1,326,31,00000,00000
64,2026-09-22T11:02:54.266388+08:00,0,0.6,0.4,0.2,jev-1.13.0,383.67,326,31,00000,00000
65,2026-09-22T11:02:54.650379+08:00,0,0.6,0.4,0.2,jev-1.13.0,894.85,326,31,00000,00000
66,2026-09-22T11:02:55.545593+08:00,0,0.58,0.42,0.16,jev-1.13.0,370.58,326,31,00000,00000
67,2026-09-22T11:02:55.916527+08:00,0,0.6,0.4,0.21,jev-1.13.0,394.16,326,31,00000,00000
68,2026-09-22T11:02:56.311001+08:00,0,0.59,0.41,0.18,jev-1.13.0,432.98,326,31,00000,00000
69,2026-09-22T11:02:56.744392+08:00,0,0.61,0.39,0.21,jev-1.13.0,402.34,326,31,00000,00000
70,2026-09-22T11:02:57.147121+08:00,0,0.59,0.41,0.19,jev-1.13.0,391.39,326,31,00000,00000
71,2026-09-22T11:02:57.538862+08:00,0,0.58,0.42,0.17,jev-1.13.0,385.49,326,31,00000,00000
72,2026-09-22T11:02:57.924661+08:00,0,0.61,0.39,0.21,jev-1.13.0,413.21,326,31,00000,00000
73,2026-09-22T11:02:58.338237+08:00,0,0.61,0.39,0.23,jev-1.13.0,426.13,326,31,00000,00000
74,2026-09-22T11:02:58.766228+08:00,0,0.59,0.41,0.18,jev-1.13.0,897.92,326,31,00000,00000
75,2026-09-22T11:02:59.664410+08:00,0,0.61,0.39,0.22,jev-1.13.0,957.16,326,31,00000,00000
76,2026-09-22T11:03:00.621836+08:00,0,0.61,0.39,0.21,jev-1.13.0,386.13,326,31,00000,00000
77,2026-09-22T11:03:01.008253+08:00,0,0.58,0.42,0.16,jev-1.13.0,383.25,326,31,00000,00000
78,2026-09-22T11:03:01.391756+08:00,0,0.6,0.4,0.2,jev-1.13.0,927.04,326,31,00000,00000
79,2026-09-22T11:03:02.319070+08:00,0,0.6,0.4,0.21,jev-1.13.0,377.56,326,31,00000,00000
80,2026-09-22T11:03:02.696885+08:00,0,0.59,0.41,0.17,jev-1.13.0,405.76,326,31,00000,00000
81,2026-09-22T11:03:03.102977+08:00,0,0.61,0.39,0.21,jev-1.13.0,849.55,326,31,00000,00000
82,2026-09-22T11:03:03.952808+08:00,0,0.61,0.39,0.22,jev-1.13.0,395.14,326,31,00000,00000
83,2026-09-22T11:03:04.348302+08:00,0,0.59,0.41,0.18,jev-1.13.0,1358.31,326,31,00000,00000
84,2026-09-22T11:03:05.706994+08:00,0,0.58,0.42,0.15,jev-1.13.0,889.14,326,31,00000,00000
85,2026-09-22T11:03:06.596424+08:00,0,0.6,0.4,0.2,jev-1.13.0,373.33,326,31,00000,00000
86,2026-09-22T11:03:06.970027+08:00,0,0.59,0.41,0.19,jev-1.13.0,471.92,326,31,00000,00000
87,2026-09-22T11:03:07.442222+08:00,0,0.59,0.41,0.17,jev-1.13.0,385.03,326,31,00000,00000
88,2026-09-22T11:03:07.827486+08:00,0,0.57,0.43,0.15,jev-1.13.0,399.45,326,31,00000,00000
89,2026-09-22T11:03:08.227215+08:00,0,0.56,0.44,0.12,jev-1.13.0,859.42,326,31,00000,00000
90,2026-09-22T11:03:09.086911+08:00,0,0.58,0.42,0.16,jev-1.13.0,389.92,326,31,00000,00000
91,2026-09-22T11:03:09.481049+08:00,0,0.59,0.41,0.18,jev-1.13.0,391.37,326,31,00000,00000
92,2026-09-22T11:03:09.872708+08:00,0,0.61,0.39,0.21,jev-1.13.0,416.55,326,31,00000,00000
93,2026-09-22T11:03:10.289610+08:00,0,0.63,0.37,0.26,jev-1.13.0,401.84,326,31,00000,00000
94,2026-09-22T11:03:10.691695+08:00,0,0.62,0.38,0.25,jev-1.13.0,423.75,326,31,00000,00000
95,2026-09-22T11:03:11.115694+08:00,0,0.59,0.41,0.17,jev-1.13.0,393.95,326,31,00000,00000
96,2026-09-22T11:03:11.509952+08:00,0,0.59,0.41,0.17,jev-1.13.0,385.97,326,31,00000,00000
97,2026-09-22T11:03:11.896171+08:00,0,0.6,0.4,0.2,jev-1.13.0,412.23,326,31,00000,00000
98,2026-09-22T11:03:12.308635+08:00,0,0.58,0.42,0.16,jev-1.13.0,400.61,326,31,00000,00000
99,2026-09-22T11:03:12.709664+08:00,0,0.57,0.43,0.13,jev-1.13.0,415.15,326,31,00000,00000
100,2026-09-22T11:03:13.125086+08:00,0,0.56,0.44,0.12,jev-1.13.0,493.07,326,31,00000,00000
101,2026-09-22T11:03:13.618408+08:00,0,0.62,0.38,0.24,jev-1.13.0,384.84,326,31,00000,00000
102,2026-09-22T11:03:14.003583+08:00,0,0.6,0.4,0.2,jev-1.13.0,390.37,326,31,00000,00000
103,2026-09-22T11:03:14.394209+08:00,0,0.64,0.36,0.27,jev-1.13.0,439.58,326,31,00000,00000
104,2026-09-22T11:03:14.834081+08:00,0,0.59,0.41,0.19,jev-1.13.0,622.22,326,31,00000,00000
105,2026-09-22T11:03:15.456719+08:00,0,0.58,0.42,0.15,jev-1.13.0,408.96,326,31,00000,00000
106,2026-09-22T11:03:15.866099+08:00,0,0.62,0.38,0.25,jev-1.13.0,425.31,326,31,00000,00000
107,2026-09-22T11:03:16.291713+08:00,0,0.62,0.38,0.24,jev-1.13.0,429.63,326,31,00000,00000
108,2026-09-22T11:03:16.721705+08:00,0,0.58,0.42,0.15,jev-1.13.0,411.71,326,31,00000,00000
109,2026-09-22T11:03:17.133714+08:00,0,0.58,0.42,0.16,jev-1.13.0,392.21,326,31,00000,00000
110,2026-09-22T11:03:17.526164+08:00,0,0.59,0.41,0.19,jev-1.13.0,427.87,326,31,00000,00000
111,2026-09-22T11:03:17.954258+08:00,0,0.58,0.42,0.15,jev-1.13.0,365.11,326,31,00000,00000
112,2026-09-22T11:03:18.319689+08:00,0,0.62,0.38,0.24,jev-1.13.0,390.72,326,31,00000,00000
113,2026-09-22T11:03:18.710670+08:00,0,0.61,0.39,0.22,jev-1.13.0,400.59,326,31,00000,00000
114,2026-09-22T11:03:19.111542+08:00,0,0.64,0.36,0.27,jev-1.13.0,387.8,326,31,00000,00000
115,2026-09-22T11:03:19.499614+08:00,0,0.64,0.36,0.27,jev-1.13.0,419.64,326,31,00000,00000
116,2026-09-22T11:03:19.919517+08:00,0,0.59,0.41,0.17,jev-1.13.0,1197.7,326,31,00000,00000
117,2026-09-22T11:03:21.117465+08:00,0,0.62,0.38,0.23,jev-1.13.0,403.28,326,31,00000,00000
118,2026-09-22T11:03:21.520980+08:00,0,0.59,0.41,0.17,jev-1.13.0,868.46,326,31,00000,00000
119,2026-09-22T11:03:22.389918+08:00,0,0.59,0.41,0.19,jev-1.13.0,468.98,326,31,00000,00000
120,2026-09-22T11:03:22.859202+08:00,0,0.61,0.39,0.22,jev-1.13.0,459.36,326,31,00000,00000
121,2026-09-22T11:03:23.318800+08:00,0,0.57,0.43,0.14,jev-1.13.0,913.73,326,31,00000,00000
122,2026-09-22T11:03:24.232774+08:00,0,0.62,0.38,0.24,jev-1.13.0,394.42,326,31,00000,00000
123,2026-09-22T11:03:24.627477+08:00,0,0.59,0.41,0.19,jev-1.13.0,867.6,326,31,00000,00000
124,2026-09-22T11:03:25.495359+08:00,0,0.58,0.42,0.16,jev-1.13.0,789.83,326,31,00000,00000
125,2026-09-22T11:03:26.285503+08:00,0,0.62,0.38,0.23,jev-1.13.0,424.25,326,31,00000,00000
126,2026-09-22T11:03:26.710040+08:00,0,0.59,0.41,0.19,jev-1.13.0,514.91,326,31,00000,00000
127,2026-09-22T11:03:27.225323+08:00,0,0.59,0.41,0.17,jev-1.13.0,436.05,326,31,00000,00000
128,2026-09-22T11:03:27.661655+08:00,0,0.62,0.38,0.24,jev-1.13.0,394.1,326,31,00000,00000
129,2026-09-22T11:03:28.056014+08:00,0,0.6,0.4,0.2,jev-1.13.0,419.68,326,31,00000,00000
130,2026-09-22T11:03:28.475925+08:00,0,0.59,0.41,0.18,jev-1.13.0,376.56,326,31,00000,00000
131,2026-09-22T11:03:28.852751+08:00,0,0.6,0.4,0.19,jev-1.13.0,390.15,326,31,00000,00000
132,2026-09-22T11:03:29.243124+08:00,0,0.61,0.39,0.22,jev-1.13.0,1295.64,326,31,00000,00000
133,2026-09-22T11:03:30.538996+08:00,0,0.61,0.39,0.22,jev-1.13.0,402.51,326,31,00000,00000
134,2026-09-22T11:03:30.941784+08:00,0,0.61,0.39,0.22,jev-1.13.0,408.49,326,31,00000,00000
135,2026-09-22T11:03:31.350599+08:00,0,0.62,0.38,0.25,jev-1.13.0,444.62,326,31,00000,00000
136,2026-09-22T11:03:31.795618+08:00,0,0.59,0.41,0.18,jev-1.13.0,395.91,326,31,00000,00000
137,2026-09-22T11:03:32.191827+08:00,0,0.56,0.44,0.13,jev-1.13.0,393.49,326,31,00000,00000
138,2026-09-22T11:03:32.585692+08:00,0,0.6,0.4,0.2,jev-1.13.0,438.88,326,31,00000,00000
139,2026-09-22T11:03:33.024853+08:00,0,0.6,0.4,0.2,jev-1.13.0,1595.68,326,31,00000,00000
140,2026-09-22T11:03:34.620933+08:00,0,0.57,0.43,0.14,jev-1.13.0,438.09,326,31,00000,00000
141,2026-09-22T11:03:35.059329+08:00,0,0.59,0.41,0.19,jev-1.13.0,390.17,326,31,00000,00000
142,2026-09-22T11:03:35.449796+08:00,0,0.61,0.39,0.22,jev-1.13.0,911.75,326,31,00000,00000
143,2026-09-22T11:03:36.361916+08:00,0,0.59,0.41,0.18,jev-1.13.0,402.98,326,31,00000,00000
144,2026-09-22T11:03:36.765341+08:00,0,0.6,0.4,0.2,jev-1.13.0,408.24,326,31,00000,00000
145,2026-09-22T11:03:37.173829+08:00,0,0.63,0.37,0.26,jev-1.13.0,892.76,326,31,00000,00000
146,2026-09-22T11:03:38.066868+08:00,0,0.56,0.44,0.13,jev-1.13.0,363.02,326,31,00000,00000
147,2026-09-22T11:03:38.430213+08:00,0,0.58,0.42,0.17,jev-1.13.0,361.69,326,31,00000,00000
148,2026-09-22T11:03:38.792164+08:00,0,0.59,0.41,0.19,jev-1.13.0,434.7,326,31,00000,00000
149,2026-09-22T11:03:39.227104+08:00,0,0.57,0.43,0.14,jev-1.13.0,392.42,326,31,00000,00000
150,2026-09-22T11:03:39.619809+08:00,0,0.58,0.42,0.15,jev-1.13.0,371.52,326,31,00000,00000
151,2026-09-22T11:03:39.991608+08:00,0,0.6,0.4,0.19,jev-1.13.0,415.7,326,31,00000,00000
152,2026-09-22T11:03:40.407593+08:00,0,0.57,0.43,0.14,jev-1.13.0,457.44,326,31,00000,00000
153,2026-09-22T11:03:40.865361+08:00,0,0.62,0.38,0.25,jev-1.13.0,876.22,326,31,00000,00000
154,2026-09-22T11:03:41.741995+08:00,0,0.63,0.37,0.26,jev-1.13.0,410.0,326,31,00000,00000
155,2026-09-22T11:03:42.152277+08:00,0,0.57,0.43,0.14,jev-1.13.0,397.63,326,31,00000,00000
156,2026-09-22T11:03:42.550148+08:00,0,0.6,0.4,0.21,jev-1.13.0,1359.3,326,31,00000,00000
157,2026-09-22T11:03:43.909687+08:00,0,0.63,0.37,0.25,jev-1.13.0,430.21,326,31,00000,00000
158,2026-09-22T11:03:44.340172+08:00,0,0.61,0.39,0.22,jev-1.13.0,428.14,326,31,00000,00000
159,2026-09-22T11:03:44.768536+08:00,0,0.58,0.42,0.16,jev-1.13.0,389.38,326,31,00000,00000
160,2026-09-22T11:03:45.158163+08:00,0,0.6,0.4,0.2,jev-1.13.0,428.84,326,31,00000,00000
161,2026-09-22T11:03:45.587312+08:00,0,0.6,0.4,0.2,jev-1.13.0,406.91,326,31,00000,00000
162,2026-09-22T11:03:45.994504+08:00,0,0.62,0.38,0.25,jev-1.13.0,416.82,326,31,00000,00000
163,2026-09-22T11:03:46.411549+08:00,0,0.61,0.39,0.22,jev-1.13.0,431.7,326,31,00000,00000
164,2026-09-22T11:03:46.843512+08:00,0,0.61,0.39,0.22,jev-1.13.0,409.99,326,31,00000,00000
165,2026-09-22T11:03:47.253729+08:00,0,0.6,0.4,0.2,jev-1.13.0,440.17,326,31,00000,00000
166,2026-09-22T11:03:47.694135+08:00,0,0.62,0.38,0.23,jev-1.13.0,435.9,326,31,00000,00000
167,2026-09-22T11:03:48.130368+08:00,0,0.62,0.38,0.24,jev-1.13.0,378.47,326,31,00000,00000
168,2026-09-22T11:03:48.509081+08:00,0,0.61,0.39,0.22,jev-1.13.0,389.64,326,31,00000,00000
169,2026-09-22T11:03:48.899001+08:00,0,0.59,0.41,0.17,jev-1.13.0,840.61,326,31,00000,00000
170,2026-09-22T11:03:49.739855+08:00,0,0.59,0.41,0.17,jev-1.13.0,1154.57,326,31,00000,00000
171,2026-09-22T11:03:50.894774+08:00,0,0.59,0.41,0.18,jev-1.13.0,422.31,326,31,00000,00000
172,2026-09-22T11:03:51.317371+08:00,0,0.6,0.4,0.21,jev-1.13.0,409.26,326,31,00000,00000
173,2026-09-22T11:03:51.726915+08:00,0,0.61,0.39,0.22,jev-1.13.0,433.88,326,31,00000,00000
174,2026-09-22T11:03:52.161139+08:00,0,0.57,0.43,0.13,jev-1.13.0,693.51,326,31,00000,00000
175,2026-09-22T11:03:52.855042+08:00,0,0.6,0.4,0.21,jev-1.13.0,413.02,326,31,00000,00000
176,2026-09-22T11:03:53.268375+08:00,0,0.6,0.4,0.2,jev-1.13.0,925.31,326,31,00000,00000
177,2026-09-22T11:03:54.193920+08:00,0,0.6,0.4,0.19,jev-1.13.0,375.13,326,31,00000,00000
178,2026-09-22T11:03:54.569286+08:00,0,0.58,0.42,0.15,jev-1.13.0,387.0,326,31,00000,00000
179,2026-09-22T11:03:54.956584+08:00,0,0.6,0.4,0.19,jev-1.13.0,415.55,326,31,00000,00000
180,2026-09-22T11:03:55.372482+08:00,0,0.62,0.38,0.25,jev-1.13.0,895.72,326,31,00000,00000
181,2026-09-22T11:03:56.268491+08:00,0,0.65,0.35,0.29,jev-1.13.0,420.2,326,31,00000,00000
182,2026-09-22T11:03:56.689059+08:00,0,0.56,0.44,0.11,jev-1.13.0,405.25,326,31,00000,00000
183,2026-09-22T11:03:57.094591+08:00,0,0.62,0.38,0.25,jev-1.13.0,409.44,326,31,00000,00000
184,2026-09-22T11:03:57.504391+08:00,0,0.61,0.39,0.22,jev-1.13.0,376.89,326,31,00000,00000
185,2026-09-22T11:03:57.881588+08:00,0,0.57,0.43,0.13,jev-1.13.0,439.09,326,31,00000,00000
186,2026-09-22T11:03:58.321069+08:00,0,0.6,0.4,0.2,jev-1.13.0,429.49,326,31,00000,00000
187,2026-09-22T11:03:58.750787+08:00,0,0.61,0.39,0.22,jev-1.13.0,411.51,326,31,00000,00000
188,2026-09-22T11:03:59.162652+08:00,0,0.59,0.41,0.18,jev-1.13.0,950.35,326,31,00000,00000
189,2026-09-22T11:04:00.113260+08:00,0,0.6,0.4,0.2,jev-1.13.0,382.25,326,31,00000,00000
190,2026-09-22T11:04:00.495740+08:00,0,0.6,0.4,0.21,jev-1.13.0,400.17,326,31,00000,00000
191,2026-09-22T11:04:00.896185+08:00,0,0.61,0.39,0.22,jev-1.13.0,407.79,326,31,00000,00000
192,2026-09-22T11:04:01.304214+08:00,0,0.57,0.43,0.14,jev-1.13.0,422.16,326,31,00000,00000
193,2026-09-22T11:04:01.726660+08:00,0,0.61,0.39,0.21,jev-1.13.0,392.55,326,31,00000,00000
194,2026-09-22T11:04:02.119490+08:00,0,0.58,0.42,0.17,jev-1.13.0,397.58,326,31,00000,00000
195,2026-09-22T11:04:02.517360+08:00,0,0.61,0.39,0.21,jev-1.13.0,451.78,326,31,00000,00000
196,2026-09-22T11:04:02.969413+08:00,0,0.6,0.4,0.2,jev-1.13.0,892.74,326,31,00000,00000
197,2026-09-22T11:04:03.862469+08:00,0,0.58,0.42,0.15,jev-1.13.0,356.35,326,31,00000,00000
198,2026-09-22T11:04:04.219108+08:00,0,0.6,0.4,0.2,jev-1.13.0,447.64,326,31,00000,00000
199,2026-09-22T11:04:04.666991+08:00,0,0.59,0.41,0.18,jev-1.13.0,435.19,326,31,00000,00000
200,2026-09-22T11:04:05.102462+08:00,0,0.59,0.41,0.18,jev-1.13.0,679.63,326,31,00000,00000
